OrderItem,Year_0,Year_1,Year_2,Year_3,Year_4,Year_5,Year_6,Year_7,Year_8,Year_9,Year_10,Year_11,Year_12,Year_13,Year_14,Year_15,Year_16,Year_17,Year_18,Year_19,Year_20,Year_21,Year_22,Year_23,Year_24,Year_25,Year_26,Year_27,Year_28,Year_29,Year_30,Year_31,Year_32,Year_33,Year_34,Year_35,Year_36,Year_37,Year_38,Year_39,Year_40,Year_41,Year_42,Year_43,Year_44,Year_45,Year_46,Year_47,Year_48,Year_49,Year_50,Year_51,Year_52,Year_53,Year_54,Year_55,Year_56,Year_57,Year_58,Year_59,Year_60,Year_61,Year_62,Year_63,Year_64,Year_65,Year_66,Year_67,Year_68,Year_69,Year_70,Year_71,Year_72,Year_73,Year_74,Year_75,Year_76,Year_77,Year_78,Year_79,Year_80,Year_81
Order_0001,0.0,4.993233889430918,4.98501950999156,4.974422358228646,4.962717223164726,4.949119739564404,4.935983792164456,4.924278279970158,4.909545952656121,4.896819713522766,4.883155278409264,4.8716220505381305,4.860116062297427,4.848637249351528,4.8371855475167544,4.8257608927610205,4.81436322120347,4.802992469114128,4.791648572913537,4.780331469172407,4.769041094611252,4.757777386100046,4.746540280657866,4.735329715452538,99.2070581838061,0.0,0.0,0.0,0.0,0.0,0.0,0.0,0.0,0.0,0.0,0.0,0.0,0.0,0.0,0.0,0.0,0.0,0.0,0.0,0.0,0.0,0.0,0.0,0.0,0.0,0.0,0.0,0.0,0.0,0.0,0.0,0.0,0.0,0.0,0.0,0.0,0.0,0.0,0.0,0.0,0.0,0.0,0.0,0.0,0.0,0.0,0.0,0.0,0.0,0.0,0.0,0.0,0.0,0.0,0.0,0.0,0.0
Order_0002,0.0,0.0,4.993233889430918,4.98501950999156,4.974422358228646,4.962717223164726,4.949119739564404,4.935983792164456,4.924278279970158,4.909545952656121,4.896819713522766,4.883155278409264,4.8716220505381305,4.860116062297427,4.848637249351528,4.8371855475167544,4.8257608927610205,4.81436322120347,4.802992469114128,4.791648572913537,4.780331469172407,4.769041094611252,4.757777386100046,4.746540280657866,4.735329715452538,99.2070581838061,0.0,0.0,0.0,0.0,0.0,0.0,0.0,0.0,0.0,0.0,0.0,0.0,0.0,0.0,0.0,0.0,0.0,0.0,0.0,0.0,0.0,0.0,0.0,0.0,0.0,0.0,0.0,0.0,0.0,0.0,0.0,0.0,0.0,0.0,0.0,0.0,0.0,0.0,0.0,0.0,0.0,0.0,0.0,0.0,0.0,0.0,0.0,0.0,0.0,0.0,0.0,0.0,0.0,0.0,0.0,0.0
Order_0003,0.0,0.0,0.0,4.993233889430918,4.98501950999156,4.974422358228646,4.962717223164726,4.949119739564404,4.935983792164456,4.924278279970158,4.909545952656121,4.896819713522766,4.883155278409264,4.8716220505381305,4.860116062297427,4.848637249351528,4.8371855475167544,4.8257608927610205,4.81436322120347,4.802992469114128,4.791648572913537,4.780331469172407,4.769041094611252,4.757777386100046,4.746540280657866,4.735329715452538,99.2070581838061,0.0,0.0,0.0,0.0,0.0,0.0,0.0,0.0,0.0,0.0,0.0,0.0,0.0,0.0,0.0,0.0,0.0,0.0,0.0,0.0,0.0,0.0,0.0,0.0,0.0,0.0,0.0,0.0,0.0,0.0,0.0,0.0,0.0,0.0,0.0,0.0,0.0,0.0,0.0,0.0,0.0,0.0,0.0,0.0,0.0,0.0,0.0,0.0,0.0,0.0,0.0,0.0,0.0,0.0,0.0
Order_0004,0.0,0.0,0.0,0.0,4.993233889430918,4.98501950999156,4.974422358228646,4.962717223164726,4.949119739564404,4.935983792164456,4.924278279970158,4.909545952656121,4.896819713522766,4.883155278409264,4.8716220505381305,4.860116062297427,4.848637249351528,4.8371855475167544,4.8257608927610205,4.81436322120347,4.802992469114128,4.791648572913537,4.780331469172407,4.769041094611252,4.757777386100046,4.746540280657866,99.4419240245033,0.0,0.0,0.0,0.0,0.0,0.0,0.0,0.0,0.0,0.0,0.0,0.0,0.0,0.0,0.0,0.0,0.0,0.0,0.0,0.0,0.0,0.0,0.0,0.0,0.0,0.0,0.0,0.0,0.0,0.0,0.0,0.0,0.0,0.0,0.0,0.0,0.0,0.0,0.0,0.0,0.0,0.0,0.0,0.0,0.0,0.0,0.0,0.0,0.0,0.0,0.0,0.0,0.0,0.0,0.0
Order_0005,0.0,0.0,0.0,0.0,0.0,4.993233889430918,4.98501950999156,4.974422358228646,4.962717223164726,4.949119739564404,4.935983792164456,4.924278279970158,4.909545952656121,4.896819713522766,4.883155278409264,4.8716220505381305,4.860116062297427,4.848637249351528,4.8371855475167544,4.8257608927610205,4.81436322120347,4.802992469114128,4.791648572913537,4.780331469172407,4.769041094611252,4.757777386100046,4.746540280657866,4.735329715452538,4.72414562780029,98.9727470584733,0.0,0.0,0.0,0.0,0.0,0.0,0.0,0.0,0.0,0.0,0.0,0.0,0.0,0.0,0.0,0.0,0.0,0.0,0.0,0.0,0.0,0.0,0.0,0.0,0.0,0.0,0.0,0.0,0.0,0.0,0.0,0.0,0.0,0.0,0.0,0.0,0.0,0.0,0.0,0.0,0.0,0.0,0.0,0.0,0.0,0.0,0.0,0.0,0.0,0.0,0.0,0.0
Order_0006,0.0,0.0,0.0,0.0,0.0,0.0,4.993233889430918,4.98501950999156,4.974422358228646,4.962717223164726,4.949119739564404,4.935983792164456,4.924278279970158,4.909545952656121,4.896819713522766,4.883155278409264,4.8716220505381305,4.860116062297427,4.848637249351528,4.8371855475167544,4.8257608927610205,4.81436322120347,4.802992469114128,4.791648572913537,4.780331469172407,4.769041094611252,4.757777386100046,4.746540280657866,4.735329715452538,99.2070581838061,0.0,0.0,0.0,0.0,0.0,0.0,0.0,0.0,0.0,0.0,0.0,0.0,0.0,0.0,0.0,0.0,0.0,0.0,0.0,0.0,0.0,0.0,0.0,0.0,0.0,0.0,0.0,0.0,0.0,0.0,0.0,0.0,0.0,0.0,0.0,0.0,0.0,0.0,0.0,0.0,0.0,0.0,0.0,0.0,0.0,0.0,0.0,0.0,0.0,0.0,0.0,0.0
Order_0007,0.0,0.0,0.0,0.0,0.0,0.0,0.0,4.993233889430918,4.98501950999156,4.974422358228646,4.962717223164726,4.949119739564404,4.935983792164456,4.924278279970158,4.909545952656121,4.896819713522766,4.883155278409264,4.8716220505381305,4.860116062297427,4.848637249351528,4.8371855475167544,4.8257608927610205,4.81436322120347,4.802992469114128,4.791648572913537,4.780331469172407,4.769041094611252,4.757777386100046,4.746540280657866,4.735329715452538,4.72414562780029,98.9727470584733,0.0,0.0,0.0,0.0,0.0,0.0,0.0,0.0,0.0,0.0,0.0,0.0,0.0,0.0,0.0,0.0,0.0,0.0,0.0,0.0,0.0,0.0,0.0,0.0,0.0,0.0,0.0,0.0,0.0,0.0,0.0,0.0,0.0,0.0,0.0,0.0,0.0,0.0,0.0,0.0,0.0,0.0,0.0,0.0,0.0,0.0,0.0,0.0,0.0,0.0
Order_0008,0.0,0.0,0.0,0.0,0.0,0.0,0.0,0.0,4.993233889430918,4.98501950999156,4.974422358228646,4.962717223164726,4.949119739564404,4.935983792164456,4.924278279970158,4.909545952656121,4.896819713522766,4.883155278409264,4.8716220505381305,4.860116062297427,4.848637249351528,4.8371855475167544,4.8257608927610205,4.81436322120347,4.802992469114128,4.791648572913537,4.780331469172407,4.769041094611252,4.757777386100046,99.67734589381519,0.0,0.0,0.0,0.0,0.0,0.0,0.0,0.0,0.0,0.0,0.0,0.0,0.0,0.0,0.0,0.0,0.0,0.0,0.0,0.0,0.0,0.0,0.0,0.0,0.0,0.0,0.0,0.0,0.0,0.0,0.0,0.0,0.0,0.0,0.0,0.0,0.0,0.0,0.0,0.0,0.0,0.0,0.0,0.0,0.0,0.0,0.0,0.0,0.0,0.0,0.0,0.0
Order_0009,0.0,0.0,0.0,0.0,0.0,0.0,0.0,0.0,0.0,4.993233889430918,4.98501950999156,4.974422358228646,4.962717223164726,4.949119739564404,4.935983792164456,4.924278279970158,4.909545952656121,4.896819713522766,4.883155278409264,4.8716220505381305,4.860116062297427,4.848637249351528,4.8371855475167544,4.8257608927610205,4.81436322120347,4.802992469114128,4.791648572913537,4.780331469172407,4.769041094611252,4.757777386100046,99.67734589381519,0.0,0.0,0.0,0.0,0.0,0.0,0.0,0.0,0.0,0.0,0.0,0.0,0.0,0.0,0.0,0.0,0.0,0.0,0.0,0.0,0.0,0.0,0.0,0.0,0.0,0.0,0.0,0.0,0.0,0.0,0.0,0.0,0.0,0.0,0.0,0.0,0.0,0.0,0.0,0.0,0.0,0.0,0.0,0.0,0.0,0.0,0.0,0.0,0.0,0.0,0.0
Order_0010,0.0,0.0,0.0,0.0,0.0,0.0,0.0,0.0,0.0,0.0,4.993233889430918,4.98501950999156,4.974422358228646,4.962717223164726,4.949119739564404,4.935983792164456,4.924278279970158,4.909545952656121,4.896819713522766,4.883155278409264,4.8716220505381305,4.860116062297427,4.848637249351528,4.8371855475167544,4.8257608927610205,4.81436322120347,4.802992469114128,4.791648572913537,4.780331469172407,100.1498629868363,0.0,0.0,0.0,0.0,0.0,0.0,0.0,0.0,0.0,0.0,0.0,0.0,0.0,0.0,0.0,0.0,0.0,0.0,0.0,0.0,0.0,0.0,0.0,0.0,0.0,0.0,0.0,0.0,0.0,0.0,0.0,0.0,0.0,0.0,0.0,0.0,0.0,0.0,0.0,0.0,0.0,0.0,0.0,0.0,0.0,0.0,0.0,0.0,0.0,0.0,0.0,0.0
Order_0011,0.0,0.0,0.0,0.0,0.0,0.0,0.0,0.0,0.0,0.0,0.0,4.993233889430918,4.98501950999156,4.974422358228646,4.962717223164726,4.949119739564404,4.935983792164456,4.924278279970158,4.909545952656121,4.896819713522766,4.883155278409264,4.8716220505381305,4.860116062297427,4.848637249351528,4.8371855475167544,4.8257608927610205,4.81436322120347,4.802992469114128,4.791648572913537,4.780331469172407,4.769041094611252,99.91332510810096,0.0,0.0,0.0,0.0,0.0,0.0,0.0,0.0,0.0,0.0,0.0,0.0,0.0,0.0,0.0,0.0,0.0,0.0,0.0,0.0,0.0,0.0,0.0,0.0,0.0,0.0,0.0,0.0,0.0,0.0,0.0,0.0,0.0,0.0,0.0,0.0,0.0,0.0,0.0,0.0,0.0,0.0,0.0,0.0,0.0,0.0,0.0,0.0,0.0,0.0
Order_0012,0.0,0.0,0.0,0.0,0.0,0.0,0.0,0.0,0.0,0.0,0.0,0.0,4.993233889430918,4.98501950999156,4.974422358228646,4.962717223164726,4.949119739564404,4.935983792164456,4.924278279970158,4.909545952656121,4.896819713522766,4.883155278409264,4.8716220505381305,4.860116062297427,4.848637249351528,4.8371855475167544,4.8257608927610205,4.81436322120347,4.802992469114128,4.791648572913537,100.38696085262055,0.0,0.0,0.0,0.0,0.0,0.0,0.0,0.0,0.0,0.0,0.0,0.0,0.0,0.0,0.0,0.0,0.0,0.0,0.0,0.0,0.0,0.0,0.0,0.0,0.0,0.0,0.0,0.0,0.0,0.0,0.0,0.0,0.0,0.0,0.0,0.0,0.0,0.0,0.0,0.0,0.0,0.0,0.0,0.0,0.0,0.0,0.0,0.0,0.0,0.0,0.0
Order_0013,0.0,0.0,0.0,0.0,0.0,0.0,0.0,0.0,0.0,0.0,0.0,0.0,0.0,4.993233889430918,4.98501950999156,4.974422358228646,4.962717223164726,4.949119739564404,4.935983792164456,4.924278279970158,4.909545952656121,4.896819713522766,4.883155278409264,4.8716220505381305,4.860116062297427,4.848637249351528,4.8371855475167544,4.8257608927610205,4.81436322120347,4.802992469114128,4.791648572913537,4.780331469172407,100.1498629868363,0.0,0.0,0.0,0.0,0.0,0.0,0.0,0.0,0.0,0.0,0.0,0.0,0.0,0.0,0.0,0.0,0.0,0.0,0.0,0.0,0.0,0.0,0.0,0.0,0.0,0.0,0.0,0.0,0.0,0.0,0.0,0.0,0.0,0.0,0.0,0.0,0.0,0.0,0.0,0.0,0.0,0.0,0.0,0.0,0.0,0.0,0.0,0.0,0.0
Order_0014,0.0,0.0,0.0,0.0,0.0,0.0,0.0,0.0,0.0,0.0,0.0,0.0,0.0,0.0,4.993233889430918,4.98501950999156,4.974422358228646,4.962717223164726,4.949119739564404,4.935983792164456,4.924278279970158,4.909545952656121,4.896819713522766,4.883155278409264,4.8716220505381305,4.860116062297427,4.848637249351528,4.8371855475167544,4.8257608927610205,4.81436322120347,4.802992469114128,4.791648572913537,100.38696085262055,0.0,0.0,0.0,0.0,0.0,0.0,0.0,0.0,0.0,0.0,0.0,0.0,0.0,0.0,0.0,0.0,0.0,0.0,0.0,0.0,0.0,0.0,0.0,0.0,0.0,0.0,0.0,0.0,0.0,0.0,0.0,0.0,0.0,0.0,0.0,0.0,0.0,0.0,0.0,0.0,0.0,0.0,0.0,0.0,0.0,0.0,0.0,0.0,0.0
Order_0015,0.0,0.0,0.0,0.0,0.0,0.0,0.0,0.0,0.0,0.0,0.0,0.0,0.0,0.0,0.0,4.993233889430918,4.98501950999156,4.974422358228646,4.962717223164726,4.949119739564404,4.935983792164456,4.924278279970158,4.909545952656121,4.896819713522766,4.883155278409264,4.8716220505381305,4.860116062297427,4.848637249351528,4.8371855475167544,4.8257608927610205,4.81436322120347,4.802992469114128,4.791648572913537,4.780331469172407,100.1498629868363,0.0,0.0,0.0,0.0,0.0,0.0,0.0,0.0,0.0,0.0,0.0,0.0,0.0,0.0,0.0,0.0,0.0,0.0,0.0,0.0,0.0,0.0,0.0,0.0,0.0,0.0,0.0,0.0,0.0,0.0,0.0,0.0,0.0,0.0,0.0,0.0,0.0,0.0,0.0,0.0,0.0,0.0,0.0,0.0,0.0,0.0,0.0
Order_0016,0.0,0.0,0.0,0.0,0.0,0.0,0.0,0.0,0.0,0.0,0.0,0.0,0.0,0.0,0.0,0.0,4.993233889430918,4.98501950999156,4.974422358228646,4.962717223164726,4.949119739564404,4.935983792164456,4.924278279970158,4.909545952656121,4.896819713522766,4.883155278409264,4.8716220505381305,4.860116062297427,4.848637249351528,4.8371855475167544,4.8257608927610205,4.81436322120347,4.802992469114128,100.62462003118429,0.0,0.0,0.0,0.0,0.0,0.0,0.0,0.0,0.0,0.0,0.0,0.0,0.0,0.0,0.0,0.0,0.0,0.0,0.0,0.0,0.0,0.0,0.0,0.0,0.0,0.0,0.0,0.0,0.0,0.0,0.0,0.0,0.0,0.0,0.0,0.0,0.0,0.0,0.0,0.0,0.0,0.0,0.0,0.0,0.0,0.0,0.0,0.0
Order_0017,0.0,0.0,0.0,0.0,0.0,0.0,0.0,0.0,0.0,0.0,0.0,0.0,0.0,0.0,0.0,0.0,0.0,4.993233889430918,4.98501950999156,4.974422358228646,4.962717223164726,4.949119739564404,4.935983792164456,4.924278279970158,4.909545952656121,4.896819713522766,4.883155278409264,4.8716220505381305,4.860116062297427,4.848637249351528,4.8371855475167544,4.8257608927610205,4.81436322120347,4.802992469114128,4.791648572913537,100.38696085262055,0.0,0.0,0.0,0.0,0.0,0.0,0.0,0.0,0.0,0.0,0.0,0.0,0.0,0.0,0.0,0.0,0.0,0.0,0.0,0.0,0.0,0.0,0.0,0.0,0.0,0.0,0.0,0.0,0.0,0.0,0.0,0.0,0.0,0.0,0.0,0.0,0.0,0.0,0.0,0.0,0.0,0.0,0.0,0.0,0.0,0.0
Order_0018,0.0,0.0,0.0,0.0,0.0,0.0,0.0,0.0,0.0,0.0,0.0,0.0,0.0,0.0,0.0,0.0,0.0,0.0,4.993233889430918,4.98501950999156,4.974422358228646,4.962717223164726,4.949119739564404,4.935983792164456,4.924278279970158,4.909545952656121,4.896819713522766,4.883155278409264,4.8716220505381305,4.860116062297427,4.848637249351528,4.8371855475167544,4.8257608927610205,4.81436322120347,4.802992469114128,100.62462003118429,0.0,0.0,0.0,0.0,0.0,0.0,0.0,0.0,0.0,0.0,0.0,0.0,0.0,0.0,0.0,0.0,0.0,0.0,0.0,0.0,0.0,0.0,0.0,0.0,0.0,0.0,0.0,0.0,0.0,0.0,0.0,0.0,0.0,0.0,0.0,0.0,0.0,0.0,0.0,0.0,0.0,0.0,0.0,0.0,0.0,0.0
Order_0019,0.0,0.0,0.0,0.0,0.0,0.0,0.0,0.0,0.0,0.0,0.0,0.0,0.0,0.0,0.0,0.0,0.0,0.0,0.0,4.993233889430918,4.98501950999156,4.974422358228646,4.962717223164726,4.949119739564404,4.935983792164456,4.924278279970158,4.909545952656121,4.896819713522766,4.883155278409264,4.8716220505381305,4.860116062297427,4.848637249351528,4.8371855475167544,4.8257608927610205,4.81436322120347,4.802992469114128,4.791648572913537,100.38696085262055,0.0,0.0,0.0,0.0,0.0,0.0,0.0,0.0,0.0,0.0,0.0,0.0,0.0,0.0,0.0,0.0,0.0,0.0,0.0,0.0,0.0,0.0,0.0,0.0,0.0,0.0,0.0,0.0,0.0,0.0,0.0,0.0,0.0,0.0,0.0,0.0,0.0,0.0,0.0,0.0,0.0,0.0,0.0,0.0
Order_0020,0.0,0.0,0.0,0.0,0.0,0.0,0.0,0.0,0.0,0.0,0.0,0.0,0.0,0.0,0.0,0.0,0.0,0.0,0.0,0.0,4.993233889430918,4.98501950999156,4.974422358228646,4.962717223164726,4.949119739564404,4.935983792164456,4.924278279970158,4.909545952656121,4.896819713522766,4.883155278409264,4.8716220505381305,4.860116062297427,4.848637249351528,4.8371855475167544,4.8257608927610205,4.81436322120347,100.86284185139668,0.0,0.0,0.0,0.0,0.0,0.0,0.0,0.0,0.0,0.0,0.0,0.0,0.0,0.0,0.0,0.0,0.0,0.0,0.0,0.0,0.0,0.0,0.0,0.0,0.0,0.0,0.0,0.0,0.0,0.0,0.0,0.0,0.0,0.0,0.0,0.0,0.0,0.0,0.0,0.0,0.0,0.0,0.0,0.0,0.0
Order_0021,0.0,0.0,0.0,0.0,0.0,0.0,0.0,0.0,0.0,0.0,0.0,0.0,0.0,0.0,0.0,0.0,0.0,0.0,0.0,0.0,0.0,4.993233889430918,4.98501950999156,4.974422358228646,4.962717223164726,4.949119739564404,4.935983792164456,4.924278279970158,4.909545952656121,4.896819713522766,4.883155278409264,4.8716220505381305,4.860116062297427,4.848637249351528,4.8371855475167544,4.8257608927610205,4.81436322120347,4.802992469114128,4.791648572913537,100.38696085262055,0.0,0.0,0.0,0.0,0.0,0.0,0.0,0.0,0.0,0.0,0.0,0.0,0.0,0.0,0.0,0.0,0.0,0.0,0.0,0.0,0.0,0.0,0.0,0.0,0.0,0.0,0.0,0.0,0.0,0.0,0.0,0.0,0.0,0.0,0.0,0.0,0.0,0.0,0.0,0.0,0.0,0.0
Order_0022,0.0,0.0,0.0,0.0,0.0,0.0,0.0,0.0,0.0,0.0,0.0,0.0,0.0,0.0,0.0,0.0,0.0,0.0,0.0,0.0,0.0,0.0,4.993233889430918,4.98501950999156,4.974422358228646,4.962717223164726,4.949119739564404,4.935983792164456,4.924278279970158,4.909545952656121,4.896819713522766,4.883155278409264,4.8716220505381305,4.860116062297427,4.848637249351528,4.8371855475167544,4.8257608927610205,4.81436322120347,100.86284185139668,0.0,0.0,0.0,0.0,0.0,0.0,0.0,0.0,0.0,0.0,0.0,0.0,0.0,0.0,0.0,0.0,0.0,0.0,0.0,0.0,0.0,0.0,0.0,0.0,0.0,0.0,0.0,0.0,0.0,0.0,0.0,0.0,0.0,0.0,0.0,0.0,0.0,0.0,0.0,0.0,0.0,0.0,0.0
Order_0023,0.0,0.0,0.0,0.0,0.0,0.0,0.0,0.0,0.0,0.0,0.0,0.0,0.0,0.0,0.0,0.0,0.0,0.0,0.0,0.0,0.0,0.0,0.0,4.993233889430918,4.98501950999156,4.974422358228646,4.962717223164726,4.949119739564404,4.935983792164456,4.924278279970158,4.909545952656121,4.896819713522766,4.883155278409264,4.8716220505381305,4.860116062297427,4.848637249351528,4.8371855475167544,4.8257608927610205,4.81436322120347,4.802992469114128,100.62462003118429,0.0,0.0,0.0,0.0,0.0,0.0,0.0,0.0,0.0,0.0,0.0,0.0,0.0,0.0,0.0,0.0,0.0,0.0,0.0,0.0,0.0,0.0,0.0,0.0,0.0,0.0,0.0,0.0,0.0,0.0,0.0,0.0,0.0,0.0,0.0,0.0,0.0,0.0,0.0,0.0,0.0
Order_0024,0.0,0.0,0.0,0.0,0.0,0.0,0.0,0.0,0.0,0.0,0.0,0.0,0.0,0.0,0.0,0.0,0.0,0.0,0.0,0.0,0.0,0.0,0.0,0.0,4.993233889430918,4.98501950999156,4.974422358228646,4.962717223164726,4.949119739564404,4.935983792164456,4.924278279970158,4.909545952656121,4.896819713522766,4.883155278409264,4.8716220505381305,4.860116062297427,4.848637249351528,4.8371855475167544,4.8257608927610205,4.81436322120347,100.86284185139668,0.0,0.0,0.0,0.0,0.0,0.0,0.0,0.0,0.0,0.0,0.0,0.0,0.0,0.0,0.0,0.0,0.0,0.0,0.0,0.0,0.0,0.0,0.0,0.0,0.0,0.0,0.0,0.0,0.0,0.0,0.0,0.0,0.0,0.0,0.0,0.0,0.0,0.0,0.0,0.0,0.0
Order_0025,0.0,0.0,0.0,0.0,0.0,0.0,0.0,0.0,0.0,0.0,0.0,0.0,0.0,0.0,0.0,0.0,0.0,0.0,0.0,0.0,0.0,0.0,0.0,0.0,0.0,4.993233889430918,4.98501950999156,4.974422358228646,4.962717223164726,4.949119739564404,4.935983792164456,4.924278279970158,4.909545952656121,4.896819713522766,4.883155278409264,4.8716220505381305,4.860116062297427,4.848637249351528,4.8371855475167544,4.8257608927610205,4.81436322120347,4.802992469114128,100.62462003118429,0.0,0.0,0.0,0.0,0.0,0.0,0.0,0.0,0.0,0.0,0.0,0.0,0.0,0.0,0.0,0.0,0.0,0.0,0.0,0.0,0.0,0.0,0.0,0.0,0.0,0.0,0.0,0.0,0.0,0.0,0.0,0.0,0.0,0.0,0.0,0.0,0.0,0.0,0.0
Order_0026,0.0,0.0,0.0,0.0,0.0,0.0,0.0,0.0,0.0,0.0,0.0,0.0,0.0,0.0,0.0,0.0,0.0,0.0,0.0,0.0,0.0,0.0,0.0,0.0,0.0,0.0,4.993233889430918,4.98501950999156,4.974422358228646,4.962717223164726,4.949119739564404,4.935983792164456,4.924278279970158,4.909545952656121,4.896819713522766,4.883155278409264,4.8716220505381305,4.860116062297427,4.848637249351528,4.8371855475167544,4.8257608927610205,101.10162764527287,0.0,0.0,0.0,0.0,0.0,0.0,0.0,0.0,0.0,0.0,0.0,0.0,0.0,0.0,0.0,0.0,0.0,0.0,0.0,0.0,0.0,0.0,0.0,0.0,0.0,0.0,0.0,0.0,0.0,0.0,0.0,0.0,0.0,0.0,0.0,0.0,0.0,0.0,0.0,0.0
Order_0027,0.0,0.0,0.0,0.0,0.0,0.0,0.0,0.0,0.0,0.0,0.0,0.0,0.0,0.0,0.0,0.0,0.0,0.0,0.0,0.0,0.0,0.0,0.0,0.0,0.0,0.0,0.0,4.993233889430918,4.98501950999156,4.974422358228646,4.962717223164726,4.949119739564404,4.935983792164456,4.924278279970158,4.909545952656121,4.896819713522766,4.883155278409264,4.8716220505381305,4.860116062297427,4.848637249351528,4.8371855475167544,4.8257608927610205,4.81436322120347,100.86284185139668,0.0,0.0,0.0,0.0,0.0,0.0,0.0,0.0,0.0,0.0,0.0,0.0,0.0,0.0,0.0,0.0,0.0,0.0,0.0,0.0,0.0,0.0,0.0,0.0,0.0,0.0,0.0,0.0,0.0,0.0,0.0,0.0,0.0,0.0,0.0,0.0,0.0,0.0
Order_0028,0.0,0.0,0.0,0.0,0.0,0.0,0.0,0.0,0.0,0.0,0.0,0.0,0.0,0.0,0.0,0.0,0.0,0.0,0.0,0.0,0.0,0.0,0.0,0.0,0.0,0.0,0.0,0.0,4.993233889430918,4.98501950999156,4.974422358228646,4.962717223164726,4.949119739564404,4.935983792164456,4.924278279970158,4.909545952656121,4.896819713522766,4.883155278409264,4.8716220505381305,4.860116062297427,4.848637249351528,4.8371855475167544,4.8257608927610205,101.10162764527287,0.0,0.0,0.0,0.0,0.0,0.0,0.0,0.0,0.0,0.0,0.0,0.0,0.0,0.0,0.0,0.0,0.0,0.0,0.0,0.0,0.0,0.0,0.0,0.0,0.0,0.0,0.0,0.0,0.0,0.0,0.0,0.0,0.0,0.0,0.0,0.0,0.0,0.0
Order_0029,0.0,0.0,0.0,0.0,0.0,0.0,0.0,0.0,0.0,0.0,0.0,0.0,0.0,0.0,0.0,0.0,0.0,0.0,0.0,0.0,0.0,0.0,0.0,0.0,0.0,0.0,0.0,0.0,0.0,4.993233889430918,4.98501950999156,4.974422358228646,4.962717223164726,4.949119739564404,4.935983792164456,4.924278279970158,4.909545952656121,4.896819713522766,4.883155278409264,4.8716220505381305,4.860116062297427,4.848637249351528,4.8371855475167544,4.8257608927610205,4.81436322120347,100.86284185139668,0.0,0.0,0.0,0.0,0.0,0.0,0.0,0.0,0.0,0.0,0.0,0.0,0.0,0.0,0.0,0.0,0.0,0.0,0.0,0.0,0.0,0.0,0.0,0.0,0.0,0.0,0.0,0.0,0.0,0.0,0.0,0.0,0.0,0.0,0.0,0.0
Order_0030,0.0,0.0,0.0,0.0,0.0,0.0,0.0,0.0,0.0,0.0,0.0,0.0,0.0,0.0,0.0,0.0,0.0,0.0,0.0,0.0,0.0,0.0,0.0,0.0,0.0,0.0,0.0,0.0,0.0,0.0,4.993233889430918,4.98501950999156,4.974422358228646,4.962717223164726,4.949119739564404,4.935983792164456,4.924278279970158,4.909545952656121,4.896819713522766,4.883155278409264,4.8716220505381305,4.860116062297427,4.848637249351528,4.8371855475167544,101.34097874798142,0.0,0.0,0.0,0.0,0.0,0.0,0.0,0.0,0.0,0.0,0.0,0.0,0.0,0.0,0.0,0.0,0.0,0.0,0.0,0.0,0.0,0.0,0.0,0.0,0.0,0.0,0.0,0.0,0.0,0.0,0.0,0.0,0.0,0.0,0.0,0.0,0.0
Order_0031,0.0,0.0,0.0,0.0,0.0,0.0,0.0,0.0,0.0,0.0,0.0,0.0,0.0,0.0,0.0,0.0,0.0,0.0,0.0,0.0,0.0,0.0,0.0,0.0,0.0,0.0,0.0,0.0,0.0,0.0,0.0,4.993233889430918,4.98501950999156,4.974422358228646,4.962717223164726,4.949119739564404,4.935983792164456,4.924278279970158,4.909545952656121,4.896819713522766,4.883155278409264,4.8716220505381305,4.860116062297427,4.848637249351528,4.8371855475167544,4.8257608927610205,101.10162764527287,0.0,0.0,0.0,0.0,0.0,0.0,0.0,0.0,0.0,0.0,0.0,0.0,0.0,0.0,0.0,0.0,0.0,0.0,0.0,0.0,0.0,0.0,0.0,0.0,0.0,0.0,0.0,0.0,0.0,0.0,0.0,0.0,0.0,0.0,0.0
Order_0032,0.0,0.0,0.0,0.0,0.0,0.0,0.0,0.0,0.0,0.0,0.0,0.0,0.0,0.0,0.0,0.0,0.0,0.0,0.0,0.0,0.0,0.0,0.0,0.0,0.0,0.0,0.0,0.0,0.0,0.0,0.0,0.0,4.993233889430918,4.98501950999156,4.974422358228646,4.962717223164726,4.949119739564404,4.935983792164456,4.924278279970158,4.909545952656121,4.896819713522766,4.883155278409264,4.8716220505381305,4.860116062297427,4.848637249351528,4.8371855475167544,101.34097874798142,0.0,0.0,0.0,0.0,0.0,0.0,0.0,0.0,0.0,0.0,0.0,0.0,0.0,0.0,0.0,0.0,0.0,0.0,0.0,0.0,0.0,0.0,0.0,0.0,0.0,0.0,0.0,0.0,0.0,0.0,0.0,0.0,0.0,0.0,0.0
Order_0033,0.0,0.0,0.0,0.0,0.0,0.0,0.0,0.0,0.0,0.0,0.0,0.0,0.0,0.0,0.0,0.0,0.0,0.0,0.0,0.0,0.0,0.0,0.0,0.0,0.0,0.0,0.0,0.0,0.0,0.0,0.0,0.0,0.0,4.993233889430918,4.98501950999156,4.974422358228646,4.962717223164726,4.949119739564404,4.935983792164456,4.924278279970158,4.909545952656121,4.896819713522766,4.883155278409264,4.8716220505381305,4.860116062297427,4.848637249351528,4.8371855475167544,4.8257608927610205,101.10162764527287,0.0,0.0,0.0,0.0,0.0,0.0,0.0,0.0,0.0,0.0,0.0,0.0,0.0,0.0,0.0,0.0,0.0,0.0,0.0,0.0,0.0,0.0,0.0,0.0,0.0,0.0,0.0,0.0,0.0,0.0,0.0,0.0,0.0
Order_0034,0.0,0.0,0.0,0.0,0.0,0.0,0.0,0.0,0.0,0.0,0.0,0.0,0.0,0.0,0.0,0.0,0.0,0.0,0.0,0.0,0.0,0.0,0.0,0.0,0.0,0.0,0.0,0.0,0.0,0.0,0.0,0.0,0.0,0.0,4.993233889430918,4.98501950999156,4.974422358228646,4.962717223164726,4.949119739564404,4.935983792164456,4.924278279970158,4.909545952656121,4.896819713522766,4.883155278409264,4.8716220505381305,4.860116062297427,4.848637249351528,101.58089649785184,0.0,0.0,0.0,0.0,0.0,0.0,0.0,0.0,0.0,0.0,0.0,0.0,0.0,0.0,0.0,0.0,0.0,0.0,0.0,0.0,0.0,0.0,0.0,0.0,0.0,0.0,0.0,0.0,0.0,0.0,0.0,0.0,0.0,0.0
Order_0035,0.0,0.0,0.0,0.0,0.0,0.0,0.0,0.0,0.0,0.0,0.0,0.0,0.0,0.0,0.0,0.0,0.0,0.0,0.0,0.0,0.0,0.0,0.0,0.0,0.0,0.0,0.0,0.0,0.0,0.0,0.0,0.0,0.0,0.0,0.0,4.993233889430918,4.98501950999156,4.974422358228646,4.962717223164726,4.949119739564404,4.935983792164456,4.924278279970158,4.909545952656121,4.896819713522766,4.883155278409264,4.8716220505381305,4.860116062297427,4.848637249351528,4.8371855475167544,101.34097874798142,0.0,0.0,0.0,0.0,0.0,0.0,0.0,0.0,0.0,0.0,0.0,0.0,0.0,0.0,0.0,0.0,0.0,0.0,0.0,0.0,0.0,0.0,0.0,0.0,0.0,0.0,0.0,0.0,0.0,0.0,0.0,0.0
Order_0036,0.0,0.0,0.0,0.0,0.0,0.0,0.0,0.0,0.0,0.0,0.0,0.0,0.0,0.0,0.0,0.0,0.0,0.0,0.0,0.0,0.0,0.0,0.0,0.0,0.0,0.0,0.0,0.0,0.0,0.0,0.0,0.0,0.0,0.0,0.0,0.0,4.993233889430918,4.98501950999156,4.974422358228646,4.962717223164726,4.949119739564404,4.935983792164456,4.924278279970158,4.909545952656121,4.896819713522766,4.883155278409264,4.8716220505381305,4.860116062297427,4.848637249351528,101.58089649785184,0.0,0.0,0.0,0.0,0.0,0.0,0.0,0.0,0.0,0.0,0.0,0.0,0.0,0.0,0.0,0.0,0.0,0.0,0.0,0.0,0.0,0.0,0.0,0.0,0.0,0.0,0.0,0.0,0.0,0.0,0.0,0.0
Order_0037,0.0,0.0,0.0,0.0,0.0,0.0,0.0,0.0,0.0,0.0,0.0,0.0,0.0,0.0,0.0,0.0,0.0,0.0,0.0,0.0,0.0,0.0,0.0,0.0,0.0,0.0,0.0,0.0,0.0,0.0,0.0,0.0,0.0,0.0,0.0,0.0,0.0,4.993233889430918,4.98501950999156,4.974422358228646,4.962717223164726,4.949119739564404,4.935983792164456,4.924278279970158,4.909545952656121,4.896819713522766,4.883155278409264,4.8716220505381305,4.860116062297427,4.848637249351528,4.8371855475167544,101.34097874798142,0.0,0.0,0.0,0.0,0.0,0.0,0.0,0.0,0.0,0.0,0.0,0.0,0.0,0.0,0.0,0.0,0.0,0.0,0.0,0.0,0.0,0.0,0.0,0.0,0.0,0.0,0.0,0.0,0.0,0.0
Order_0038,0.0,0.0,0.0,0.0,0.0,0.0,0.0,0.0,0.0,0.0,0.0,0.0,0.0,0.0,0.0,0.0,0.0,0.0,0.0,0.0,0.0,0.0,0.0,0.0,0.0,0.0,0.0,0.0,0.0,0.0,0.0,0.0,0.0,0.0,0.0,0.0,0.0,0.0,4.993233889430918,4.98501950999156,4.974422358228646,4.962717223164726,4.949119739564404,4.935983792164456,4.924278279970158,4.909545952656121,4.896819713522766,4.883155278409264,4.8716220505381305,4.860116062297427,4.848637249351528,101.58089649785184,0.0,0.0,0.0,0.0,0.0,0.0,0.0,0.0,0.0,0.0,0.0,0.0,0.0,0.0,0.0,0.0,0.0,0.0,0.0,0.0,0.0,0.0,0.0,0.0,0.0,0.0,0.0,0.0,0.0,0.0
Order_0039,0.0,0.0,0.0,0.0,0.0,0.0,0.0,0.0,0.0,0.0,0.0,0.0,0.0,0.0,0.0,0.0,0.0,0.0,0.0,0.0,0.0,0.0,0.0,0.0,0.0,0.0,0.0,0.0,0.0,0.0,0.0,0.0,0.0,0.0,0.0,0.0,0.0,0.0,0.0,4.993233889430918,4.98501950999156,4.974422358228646,4.962717223164726,4.949119739564404,4.935983792164456,4.924278279970158,4.909545952656121,4.896819713522766,4.883155278409264,4.8716220505381305,4.860116062297427,4.848637249351528,4.8371855475167544,101.34097874798142,0.0,0.0,0.0,0.0,0.0,0.0,0.0,0.0,0.0,0.0,0.0,0.0,0.0,0.0,0.0,0.0,0.0,0.0,0.0,0.0,0.0,0.0,0.0,0.0,0.0,0.0,0.0,0.0
Order_0040,0.0,0.0,0.0,0.0,0.0,0.0,0.0,0.0,0.0,0.0,0.0,0.0,0.0,0.0,0.0,0.0,0.0,0.0,0.0,0.0,0.0,0.0,0.0,0.0,0.0,0.0,0.0,0.0,0.0,0.0,0.0,0.0,0.0,0.0,0.0,0.0,0.0,0.0,0.0,0.0,4.993233889430918,4.98501950999156,4.974422358228646,4.962717223164726,4.949119739564404,4.935983792164456,4.924278279970158,4.909545952656121,4.896819713522766,4.883155278409264,4.8716220505381305,4.860116062297427,101.82138223638208,0.0,0.0,0.0,0.0,0.0,0.0,0.0,0.0,0.0,0.0,0.0,0.0,0.0,0.0,0.0,0.0,0.0,0.0,0.0,0.0,0.0,0.0,0.0,0.0,0.0,0.0,0.0,0.0,0.0
Order_0041,0.0,0.0,0.0,0.0,0.0,0.0,0.0,0.0,0.0,0.0,0.0,0.0,0.0,0.0,0.0,0.0,0.0,0.0,0.0,0.0,0.0,0.0,0.0,0.0,0.0,0.0,0.0,0.0,0.0,0.0,0.0,0.0,0.0,0.0,0.0,0.0,0.0,0.0,0.0,0.0,0.0,4.993233889430918,4.98501950999156,4.974422358228646,4.962717223164726,4.949119739564404,4.935983792164456,4.924278279970158,4.909545952656121,4.896819713522766,4.883155278409264,4.8716220505381305,4.860116062297427,4.848637249351528,101.58089649785184,0.0,0.0,0.0,0.0,0.0,0.0,0.0,0.0,0.0,0.0,0.0,0.0,0.0,0.0,0.0,0.0,0.0,0.0,0.0,0.0,0.0,0.0,0.0,0.0,0.0,0.0,0.0
Order_0042,0.0,0.0,0.0,0.0,0.0,0.0,0.0,0.0,0.0,0.0,0.0,0.0,0.0,0.0,0.0,0.0,0.0,0.0,0.0,0.0,0.0,0.0,0.0,0.0,0.0,0.0,0.0,0.0,0.0,0.0,0.0,0.0,0.0,0.0,0.0,0.0,0.0,0.0,0.0,0.0,0.0,0.0,4.993233889430918,4.98501950999156,4.974422358228646,4.962717223164726,4.949119739564404,4.935983792164456,4.924278279970158,4.909545952656121,4.896819713522766,4.883155278409264,4.8716220505381305,4.860116062297427,101.82138223638208,0.0,0.0,0.0,0.0,0.0,0.0,0.0,0.0,0.0,0.0,0.0,0.0,0.0,0.0,0.0,0.0,0.0,0.0,0.0,0.0,0.0,0.0,0.0,0.0,0.0,0.0,0.0
Order_0043,0.0,0.0,0.0,0.0,0.0,0.0,0.0,0.0,0.0,0.0,0.0,0.0,0.0,0.0,0.0,0.0,0.0,0.0,0.0,0.0,0.0,0.0,0.0,0.0,0.0,0.0,0.0,0.0,0.0,0.0,0.0,0.0,0.0,0.0,0.0,0.0,0.0,0.0,0.0,0.0,0.0,0.0,0.0,4.993233889430918,4.98501950999156,4.974422358228646,4.962717223164726,4.949119739564404,4.935983792164456,4.924278279970158,4.909545952656121,4.896819713522766,4.883155278409264,4.8716220505381305,4.860116062297427,4.848637249351528,101.58089649785184,0.0,0.0,0.0,0.0,0.0,0.0,0.0,0.0,0.0,0.0,0.0,0.0,0.0,0.0,0.0,0.0,0.0,0.0,0.0,0.0,0.0,0.0,0.0,0.0,0.0
Order_0044,0.0,0.0,0.0,0.0,0.0,0.0,0.0,0.0,0.0,0.0,0.0,0.0,0.0,0.0,0.0,0.0,0.0,0.0,0.0,0.0,0.0,0.0,0.0,0.0,0.0,0.0,0.0,0.0,0.0,0.0,0.0,0.0,0.0,0.0,0.0,0.0,0.0,0.0,0.0,0.0,0.0,0.0,0.0,0.0,4.993233889430918,4.98501950999156,4.974422358228646,4.962717223164726,4.949119739564404,4.935983792164456,4.924278279970158,4.909545952656121,4.896819713522766,4.883155278409264,4.8716220505381305,102.06243730824598,0.0,0.0,0.0,0.0,0.0,0.0,0.0,0.0,0.0,0.0,0.0,0.0,0.0,0.0,0.0,0.0,0.0,0.0,0.0,0.0,0.0,0.0,0.0,0.0,0.0,0.0
Order_0045,0.0,0.0,0.0,0.0,0.0,0.0,0.0,0.0,0.0,0.0,0.0,0.0,0.0,0.0,0.0,0.0,0.0,0.0,0.0,0.0,0.0,0.0,0.0,0.0,0.0,0.0,0.0,0.0,0.0,0.0,0.0,0.0,0.0,0.0,0.0,0.0,0.0,0.0,0.0,0.0,0.0,0.0,0.0,0.0,0.0,4.993233889430918,4.98501950999156,4.974422358228646,4.962717223164726,4.949119739564404,4.935983792164456,4.924278279970158,4.909545952656121,4.896819713522766,4.883155278409264,4.8716220505381305,4.860116062297427,4.848637249351528,101.58089649785184,0.0,0.0,0.0,0.0,0.0,0.0,0.0,0.0,0.0,0.0,0.0,0.0,0.0,0.0,0.0,0.0,0.0,0.0,0.0,0.0,0.0,0.0,0.0
Order_0046,0.0,0.0,0.0,0.0,0.0,0.0,0.0,0.0,0.0,0.0,0.0,0.0,0.0,0.0,0.0,0.0,0.0,0.0,0.0,0.0,0.0,0.0,0.0,0.0,0.0,0.0,0.0,0.0,0.0,0.0,0.0,0.0,0.0,0.0,0.0,0.0,0.0,0.0,0.0,0.0,0.0,0.0,0.0,0.0,0.0,0.0,4.993233889430918,4.98501950999156,4.974422358228646,4.962717223164726,4.949119739564404,4.935983792164456,4.924278279970158,4.909545952656121,4.896819713522766,4.883155278409264,4.8716220505381305,102.06243730824598,0.0,0.0,0.0,0.0,0.0,0.0,0.0,0.0,0.0,0.0,0.0,0.0,0.0,0.0,0.0,0.0,0.0,0.0,0.0,0.0,0.0,0.0,0.0,0.0
Order_0047,0.0,0.0,0.0,0.0,0.0,0.0,0.0,0.0,0.0,0.0,0.0,0.0,0.0,0.0,0.0,0.0,0.0,0.0,0.0,0.0,0.0,0.0,0.0,0.0,0.0,0.0,0.0,0.0,0.0,0.0,0.0,0.0,0.0,0.0,0.0,0.0,0.0,0.0,0.0,0.0,0.0,0.0,0.0,0.0,0.0,0.0,0.0,4.993233889430918,4.98501950999156,4.974422358228646,4.962717223164726,4.949119739564404,4.935983792164456,4.924278279970158,4.909545952656121,4.896819713522766,4.883155278409264,4.8716220505381305,4.860116062297427,101.82138223638208,0.0,0.0,0.0,0.0,0.0,0.0,0.0,0.0,0.0,0.0,0.0,0.0,0.0,0.0,0.0,0.0,0.0,0.0,0.0,0.0,0.0,0.0
Order_0048,0.0,0.0,0.0,0.0,0.0,0.0,0.0,0.0,0.0,0.0,0.0,0.0,0.0,0.0,0.0,0.0,0.0,0.0,0.0,0.0,0.0,0.0,0.0,0.0,0.0,0.0,0.0,0.0,0.0,0.0,0.0,0.0,0.0,0.0,0.0,0.0,0.0,0.0,0.0,0.0,0.0,0.0,0.0,0.0,0.0,0.0,0.0,0.0,4.993233889430918,4.98501950999156,4.974422358228646,4.962717223164726,4.949119739564404,4.935983792164456,4.924278279970158,4.909545952656121,4.896819713522766,4.883155278409264,4.8716220505381305,102.06243730824598,0.0,0.0,0.0,0.0,0.0,0.0,0.0,0.0,0.0,0.0,0.0,0.0,0.0,0.0,0.0,0.0,0.0,0.0,0.0,0.0,0.0,0.0
Order_0049,0.0,0.0,0.0,0.0,0.0,0.0,0.0,0.0,0.0,0.0,0.0,0.0,0.0,0.0,0.0,0.0,0.0,0.0,0.0,0.0,0.0,0.0,0.0,0.0,0.0,0.0,0.0,0.0,0.0,0.0,0.0,0.0,0.0,0.0,0.0,0.0,0.0,0.0,0.0,0.0,0.0,0.0,0.0,0.0,0.0,0.0,0.0,0.0,0.0,4.993233889430918,4.98501950999156,4.974422358228646,4.962717223164726,4.949119739564404,4.935983792164456,4.924278279970158,4.909545952656121,4.896819713522766,4.883155278409264,4.8716220505381305,4.860116062297427,101.82138223638208,0.0,0.0,0.0,0.0,0.0,0.0,0.0,0.0,0.0,0.0,0.0,0.0,0.0,0.0,0.0,0.0,0.0,0.0,0.0,0.0
Order_0050,0.0,0.0,0.0,0.0,0.0,0.0,0.0,0.0,0.0,0.0,0.0,0.0,0.0,0.0,0.0,0.0,0.0,0.0,0.0,0.0,0.0,0.0,0.0,0.0,0.0,0.0,0.0,0.0,0.0,0.0,0.0,0.0,0.0,0.0,0.0,0.0,0.0,0.0,0.0,0.0,0.0,0.0,0.0,0.0,0.0,0.0,0.0,0.0,0.0,0.0,4.993233889430918,4.98501950999156,4.974422358228646,4.962717223164726,4.949119739564404,4.935983792164456,4.924278279970158,4.909545952656121,4.896819713522766,4.883155278409264,102.30406306130074,0.0,0.0,0.0,0.0,0.0,0.0,0.0,0.0,0.0,0.0,0.0,0.0,0.0,0.0,0.0,0.0,0.0,0.0,0.0,0.0,0.0
Order_0051,0.0,0.0,0.0,0.0,0.0,0.0,0.0,0.0,0.0,0.0,0.0,0.0,0.0,0.0,0.0,0.0,0.0,0.0,0.0,0.0,0.0,0.0,0.0,0.0,0.0,0.0,0.0,0.0,0.0,0.0,0.0,0.0,0.0,0.0,0.0,0.0,0.0,0.0,0.0,0.0,0.0,0.0,0.0,0.0,0.0,0.0,0.0,0.0,0.0,0.0,0.0,4.993233889430918,4.98501950999156,4.974422358228646,4.962717223164726,4.949119739564404,4.935983792164456,4.924278279970158,4.909545952656121,4.896819713522766,4.883155278409264,4.8716220505381305,102.06243730824598,0.0,0.0,0.0,0.0,0.0,0.0,0.0,0.0,0.0,0.0,0.0,0.0,0.0,0.0,0.0,0.0,0.0,0.0,0.0
Order_0052,0.0,0.0,0.0,0.0,0.0,0.0,0.0,0.0,0.0,0.0,0.0,0.0,0.0,0.0,0.0,0.0,0.0,0.0,0.0,0.0,0.0,0.0,0.0,0.0,0.0,0.0,0.0,0.0,0.0,0.0,0.0,0.0,0.0,0.0,0.0,0.0,0.0,0.0,0.0,0.0,0.0,0.0,0.0,0.0,0.0,0.0,0.0,0.0,0.0,0.0,0.0,0.0,4.993233889430918,4.98501950999156,4.974422358228646,4.962717223164726,4.949119739564404,4.935983792164456,4.924278279970158,4.909545952656121,4.896819713522766,4.883155278409264,102.30406306130074,0.0,0.0,0.0,0.0,0.0,0.0,0.0,0.0,0.0,0.0,0.0,0.0,0.0,0.0,0.0,0.0,0.0,0.0,0.0
Order_0053,0.0,0.0,0.0,0.0,0.0,0.0,0.0,0.0,0.0,0.0,0.0,0.0,0.0,0.0,0.0,0.0,0.0,0.0,0.0,0.0,0.0,0.0,0.0,0.0,0.0,0.0,0.0,0.0,0.0,0.0,0.0,0.0,0.0,0.0,0.0,0.0,0.0,0.0,0.0,0.0,0.0,0.0,0.0,0.0,0.0,0.0,0.0,0.0,0.0,0.0,0.0,0.0,0.0,4.993233889430918,4.98501950999156,4.974422358228646,4.962717223164726,4.949119739564404,4.935983792164456,4.924278279970158,4.909545952656121,4.896819713522766,4.883155278409264,4.8716220505381305,102.06243730824598,0.0,0.0,0.0,0.0,0.0,0.0,0.0,0.0,0.0,0.0,0.0,0.0,0.0,0.0,0.0,0.0,0.0
Order_0054,0.0,0.0,0.0,0.0,0.0,0.0,0.0,0.0,0.0,0.0,0.0,0.0,0.0,0.0,0.0,0.0,0.0,0.0,0.0,0.0,0.0,0.0,0.0,0.0,0.0,0.0,0.0,0.0,0.0,0.0,0.0,0.0,0.0,0.0,0.0,0.0,0.0,0.0,0.0,0.0,0.0,0.0,0.0,0.0,0.0,0.0,0.0,0.0,0.0,0.0,0.0,0.0,0.0,0.0,4.993233889430918,4.98501950999156,4.974422358228646,4.962717223164726,4.949119739564404,4.935983792164456,4.924278279970158,4.909545952656121,4.896819713522766,102.54626084659455,0.0,0.0,0.0,0.0,0.0,0.0,0.0,0.0,0.0,0.0,0.0,0.0,0.0,0.0,0.0,0.0,0.0,0.0
Order_0055,0.0,0.0,0.0,0.0,0.0,0.0,0.0,0.0,0.0,0.0,0.0,0.0,0.0,0.0,0.0,0.0,0.0,0.0,0.0,0.0,0.0,0.0,0.0,0.0,0.0,0.0,0.0,0.0,0.0,0.0,0.0,0.0,0.0,0.0,0.0,0.0,0.0,0.0,0.0,0.0,0.0,0.0,0.0,0.0,0.0,0.0,0.0,0.0,0.0,0.0,0.0,0.0,0.0,0.0,0.0,4.993233889430918,4.98501950999156,4.974422358228646,4.962717223164726,4.949119739564404,4.935983792164456,4.924278279970158,4.909545952656121,4.896819713522766,4.883155278409264,4.8716220505381305,102.06243730824598,0.0,0.0,0.0,0.0,0.0,0.0,0.0,0.0,0.0,0.0,0.0,0.0,0.0,0.0,0.0
Order_0056,0.0,0.0,0.0,0.0,0.0,0.0,0.0,0.0,0.0,0.0,0.0,0.0,0.0,0.0,0.0,0.0,0.0,0.0,0.0,0.0,0.0,0.0,0.0,0.0,0.0,0.0,0.0,0.0,0.0,0.0,0.0,0.0,0.0,0.0,0.0,0.0,0.0,0.0,0.0,0.0,0.0,0.0,0.0,0.0,0.0,0.0,0.0,0.0,0.0,0.0,0.0,0.0,0.0,0.0,0.0,0.0,4.993233889430918,4.98501950999156,4.974422358228646,4.962717223164726,4.949119739564404,4.935983792164456,4.924278279970158,4.909545952656121,4.896819713522766,102.54626084659455,0.0,0.0,0.0,0.0,0.0,0.0,0.0,0.0,0.0,0.0,0.0,0.0,0.0,0.0,0.0,0.0
Order_0057,0.0,0.0,0.0,0.0,0.0,0.0,0.0,0.0,0.0,0.0,0.0,0.0,0.0,0.0,0.0,0.0,0.0,0.0,0.0,0.0,0.0,0.0,0.0,0.0,0.0,0.0,0.0,0.0,0.0,0.0,0.0,0.0,0.0,0.0,0.0,0.0,0.0,0.0,0.0,0.0,0.0,0.0,0.0,0.0,0.0,0.0,0.0,0.0,0.0,0.0,0.0,0.0,0.0,0.0,0.0,0.0,0.0,4.993233889430918,4.98501950999156,4.974422358228646,4.962717223164726,4.949119739564404,4.935983792164456,4.924278279970158,4.909545952656121,4.896819713522766,4.883155278409264,102.30406306130074,0.0,0.0,0.0,0.0,0.0,0.0,0.0,0.0,0.0,0.0,0.0,0.0,0.0,0.0
Order_0058,0.0,0.0,0.0,0.0,0.0,0.0,0.0,0.0,0.0,0.0,0.0,0.0,0.0,0.0,0.0,0.0,0.0,0.0,0.0,0.0,0.0,0.0,0.0,0.0,0.0,0.0,0.0,0.0,0.0,0.0,0.0,0.0,0.0,0.0,0.0,0.0,0.0,0.0,0.0,0.0,0.0,0.0,0.0,0.0,0.0,0.0,0.0,0.0,0.0,0.0,0.0,0.0,0.0,0.0,0.0,0.0,0.0,0.0,4.993233889430918,4.98501950999156,4.974422358228646,4.962717223164726,4.949119739564404,4.935983792164456,4.924278279970158,4.909545952656121,4.896819713522766,102.54626084659455,0.0,0.0,0.0,0.0,0.0,0.0,0.0,0.0,0.0,0.0,0.0,0.0,0.0,0.0
Order_0059,0.0,0.0,0.0,0.0,0.0,0.0,0.0,0.0,0.0,0.0,0.0,0.0,0.0,0.0,0.0,0.0,0.0,0.0,0.0,0.0,0.0,0.0,0.0,0.0,0.0,0.0,0.0,0.0,0.0,0.0,0.0,0.0,0.0,0.0,0.0,0.0,0.0,0.0,0.0,0.0,0.0,0.0,0.0,0.0,0.0,0.0,0.0,0.0,0.0,0.0,0.0,0.0,0.0,0.0,0.0,0.0,0.0,0.0,0.0,4.993233889430918,4.98501950999156,4.974422358228646,4.962717223164726,4.949119739564404,4.935983792164456,4.924278279970158,4.909545952656121,4.896819713522766,4.883155278409264,102.30406306130074,0.0,0.0,0.0,0.0,0.0,0.0,0.0,0.0,0.0,0.0,0.0,0.0
Order_0060,0.0,0.0,0.0,0.0,0.0,0.0,0.0,0.0,0.0,0.0,0.0,0.0,0.0,0.0,0.0,0.0,0.0,0.0,0.0,0.0,0.0,0.0,0.0,0.0,0.0,0.0,0.0,0.0,0.0,0.0,0.0,0.0,0.0,0.0,0.0,0.0,0.0,0.0,0.0,0.0,0.0,0.0,0.0,0.0,0.0,0.0,0.0,0.0,0.0,0.0,0.0,0.0,0.0,0.0,0.0,0.0,0.0,0.0,0.0,0.0,4.993233889430918,4.98501950999156,4.974422358228646,4.962717223164726,4.949119739564404,4.935983792164456,4.924278279970158,4.909545952656121,102.83321398397808,0.0,0.0,0.0,0.0,0.0,0.0,0.0,0.0,0.0,0.0,0.0,0.0,0.0
Order_0061,0.0,0.0,0.0,0.0,0.0,0.0,0.0,0.0,0.0,0.0,0.0,0.0,0.0,0.0,0.0,0.0,0.0,0.0,0.0,0.0,0.0,0.0,0.0,0.0,0.0,0.0,0.0,0.0,0.0,0.0,0.0,0.0,0.0,0.0,0.0,0.0,0.0,0.0,0.0,0.0,0.0,0.0,0.0,0.0,0.0,0.0,0.0,0.0,0.0,0.0,0.0,0.0,0.0,0.0,0.0,0.0,0.0,0.0,0.0,0.0,0.0,4.993233889430918,4.98501950999156,4.974422358228646,4.962717223164726,4.949119739564404,4.935983792164456,4.924278279970158,4.909545952656121,4.896819713522766,102.54626084659455,0.0,0.0,0.0,0.0,0.0,0.0,0.0,0.0,0.0,0.0,0.0
Order_0062,0.0,0.0,0.0,0.0,0.0,0.0,0.0,0.0,0.0,0.0,0.0,0.0,0.0,0.0,0.0,0.0,0.0,0.0,0.0,0.0,0.0,0.0,0.0,0.0,0.0,0.0,0.0,0.0,0.0,0.0,0.0,0.0,0.0,0.0,0.0,0.0,0.0,0.0,0.0,0.0,0.0,0.0,0.0,0.0,0.0,0.0,0.0,0.0,0.0,0.0,0.0,0.0,0.0,0.0,0.0,0.0,0.0,0.0,0.0,0.0,0.0,0.0,4.993233889430918,4.98501950999156,4.974422358228646,4.962717223164726,4.949119739564404,4.935983792164456,4.924278279970158,103.10046500577853,0.0,0.0,0.0,0.0,0.0,0.0,0.0,0.0,0.0,0.0,0.0,0.0
Order_0063,0.0,0.0,0.0,0.0,0.0,0.0,0.0,0.0,0.0,0.0,0.0,0.0,0.0,0.0,0.0,0.0,0.0,0.0,0.0,0.0,0.0,0.0,0.0,0.0,0.0,0.0,0.0,0.0,0.0,0.0,0.0,0.0,0.0,0.0,0.0,0.0,0.0,0.0,0.0,0.0,0.0,0.0,0.0,0.0,0.0,0.0,0.0,0.0,0.0,0.0,0.0,0.0,0.0,0.0,0.0,0.0,0.0,0.0,0.0,0.0,0.0,0.0,0.0,4.993233889430918,4.98501950999156,4.974422358228646,4.962717223164726,4.949119739564404,4.935983792164456,4.924278279970158,4.909545952656121,102.83321398397808,0.0,0.0,0.0,0.0,0.0,0.0,0.0,0.0,0.0,0.0
Order_0064,0.0,0.0,0.0,0.0,0.0,0.0,0.0,0.0,0.0,0.0,0.0,0.0,0.0,0.0,0.0,0.0,0.0,0.0,0.0,0.0,0.0,0.0,0.0,0.0,0.0,0.0,0.0,0.0,0.0,0.0,0.0,0.0,0.0,0.0,0.0,0.0,0.0,0.0,0.0,0.0,0.0,0.0,0.0,0.0,0.0,0.0,0.0,0.0,0.0,0.0,0.0,0.0,0.0,0.0,0.0,0.0,0.0,0.0,0.0,0.0,0.0,0.0,0.0,0.0,4.993233889430918,4.98501950999156,4.974422358228646,4.962717223164726,4.949119739564404,4.935983792164456,4.924278279970158,103.10046500577853,0.0,0.0,0.0,0.0,0.0,0.0,0.0,0.0,0.0,0.0
Order_0065,0.0,0.0,0.0,0.0,0.0,0.0,0.0,0.0,0.0,0.0,0.0,0.0,0.0,0.0,0.0,0.0,0.0,0.0,0.0,0.0,0.0,0.0,0.0,0.0,0.0,0.0,0.0,0.0,0.0,0.0,0.0,0.0,0.0,0.0,0.0,0.0,0.0,0.0,0.0,0.0,0.0,0.0,0.0,0.0,0.0,0.0,0.0,0.0,0.0,0.0,0.0,0.0,0.0,0.0,0.0,0.0,0.0,0.0,0.0,0.0,0.0,0.0,0.0,0.0,0.0,4.993233889430918,4.98501950999156,4.974422358228646,4.962717223164726,4.949119739564404,4.935983792164456,4.924278279970158,4.909545952656121,102.83321398397808,0.0,0.0,0.0,0.0,0.0,0.0,0.0,0.0
Order_0066,0.0,0.0,0.0,0.0,0.0,0.0,0.0,0.0,0.0,0.0,0.0,0.0,0.0,0.0,0.0,0.0,0.0,0.0,0.0,0.0,0.0,0.0,0.0,0.0,0.0,0.0,0.0,0.0,0.0,0.0,0.0,0.0,0.0,0.0,0.0,0.0,0.0,0.0,0.0,0.0,0.0,0.0,0.0,0.0,0.0,0.0,0.0,0.0,0.0,0.0,0.0,0.0,0.0,0.0,0.0,0.0,0.0,0.0,0.0,0.0,0.0,0.0,0.0,0.0,0.0,0.0,4.993233889430918,4.98501950999156,4.974422358228646,4.962717223164726,4.949119739564404,4.935983792164456,103.40984387937331,0.0,0.0,0.0,0.0,0.0,0.0,0.0,0.0,0.0
Order_0067,0.0,0.0,0.0,0.0,0.0,0.0,0.0,0.0,0.0,0.0,0.0,0.0,0.0,0.0,0.0,0.0,0.0,0.0,0.0,0.0,0.0,0.0,0.0,0.0,0.0,0.0,0.0,0.0,0.0,0.0,0.0,0.0,0.0,0.0,0.0,0.0,0.0,0.0,0.0,0.0,0.0,0.0,0.0,0.0,0.0,0.0,0.0,0.0,0.0,0.0,0.0,0.0,0.0,0.0,0.0,0.0,0.0,0.0,0.0,0.0,0.0,0.0,0.0,0.0,0.0,0.0,0.0,4.993233889430918,4.98501950999156,4.974422358228646,4.962717223164726,4.949119739564404,4.935983792164456,4.924278279970158,103.10046500577853,0.0,0.0,0.0,0.0,0.0,0.0,0.0
Order_0068,0.0,0.0,0.0,0.0,0.0,0.0,0.0,0.0,0.0,0.0,0.0,0.0,0.0,0.0,0.0,0.0,0.0,0.0,0.0,0.0,0.0,0.0,0.0,0.0,0.0,0.0,0.0,0.0,0.0,0.0,0.0,0.0,0.0,0.0,0.0,0.0,0.0,0.0,0.0,0.0,0.0,0.0,0.0,0.0,0.0,0.0,0.0,0.0,0.0,0.0,0.0,0.0,0.0,0.0,0.0,0.0,0.0,0.0,0.0,0.0,0.0,0.0,0.0,0.0,0.0,0.0,0.0,0.0,4.993233889430918,4.98501950999156,4.974422358228646,4.962717223164726,4.949119739564404,103.65565963545357,0.0,0.0,0.0,0.0,0.0,0.0,0.0,0.0
Order_0069,0.0,0.0,0.0,0.0,0.0,0.0,0.0,0.0,0.0,0.0,0.0,0.0,0.0,0.0,0.0,0.0,0.0,0.0,0.0,0.0,0.0,0.0,0.0,0.0,0.0,0.0,0.0,0.0,0.0,0.0,0.0,0.0,0.0,0.0,0.0,0.0,0.0,0.0,0.0,0.0,0.0,0.0,0.0,0.0,0.0,0.0,0.0,0.0,0.0,0.0,0.0,0.0,0.0,0.0,0.0,0.0,0.0,0.0,0.0,0.0,0.0,0.0,0.0,0.0,0.0,0.0,0.0,0.0,0.0,4.993233889430918,4.98501950999156,4.974422358228646,4.962717223164726,4.949119739564404,4.935983792164456,103.40984387937331,0.0,0.0,0.0,0.0,0.0,0.0
Order_0070,0.0,0.0,0.0,0.0,0.0,0.0,0.0,0.0,0.0,0.0,0.0,0.0,0.0,0.0,0.0,0.0,0.0,0.0,0.0,0.0,0.0,0.0,0.0,0.0,0.0,0.0,0.0,0.0,0.0,0.0,0.0,0.0,0.0,0.0,0.0,0.0,0.0,0.0,0.0,0.0,0.0,0.0,0.0,0.0,0.0,0.0,0.0,0.0,0.0,0.0,0.0,0.0,0.0,0.0,0.0,0.0,0.0,0.0,0.0,0.0,0.0,0.0,0.0,0.0,0.0,0.0,0.0,0.0,0.0,0.0,4.993233889430918,4.98501950999156,4.974422358228646,4.962717223164726,4.949119739564404,103.65565963545357,0.0,0.0,0.0,0.0,0.0,0.0
Order_0071,0.0,0.0,0.0,0.0,0.0,0.0,0.0,0.0,0.0,0.0,0.0,0.0,0.0,0.0,0.0,0.0,0.0,0.0,0.0,0.0,0.0,0.0,0.0,0.0,0.0,0.0,0.0,0.0,0.0,0.0,0.0,0.0,0.0,0.0,0.0,0.0,0.0,0.0,0.0,0.0,0.0,0.0,0.0,0.0,0.0,0.0,0.0,0.0,0.0,0.0,0.0,0.0,0.0,0.0,0.0,0.0,0.0,0.0,0.0,0.0,0.0,0.0,0.0,0.0,0.0,0.0,0.0,0.0,0.0,0.0,0.0,4.993233889430918,4.98501950999156,4.974422358228646,4.962717223164726,4.949119739564404,103.65565963545357,0.0,0.0,0.0,0.0,0.0
Order_0072,0.0,0.0,0.0,0.0,0.0,0.0,0.0,0.0,0.0,0.0,0.0,0.0,0.0,0.0,0.0,0.0,0.0,0.0,0.0,0.0,0.0,0.0,0.0,0.0,0.0,0.0,0.0,0.0,0.0,0.0,0.0,0.0,0.0,0.0,0.0,0.0,0.0,0.0,0.0,0.0,0.0,0.0,0.0,0.0,0.0,0.0,0.0,0.0,0.0,0.0,0.0,0.0,0.0,0.0,0.0,0.0,0.0,0.0,0.0,0.0,0.0,0.0,0.0,0.0,0.0,0.0,0.0,0.0,0.0,0.0,0.0,0.0,4.993233889430918,4.98501950999156,4.974422358228646,4.962717223164726,103.93151453085248,0.0,0.0,0.0,0.0,0.0
Order_0073,0.0,0.0,0.0,0.0,0.0,0.0,0.0,0.0,0.0,0.0,0.0,0.0,0.0,0.0,0.0,0.0,0.0,0.0,0.0,0.0,0.0,0.0,0.0,0.0,0.0,0.0,0.0,0.0,0.0,0.0,0.0,0.0,0.0,0.0,0.0,0.0,0.0,0.0,0.0,0.0,0.0,0.0,0.0,0.0,0.0,0.0,0.0,0.0,0.0,0.0,0.0,0.0,0.0,0.0,0.0,0.0,0.0,0.0,0.0,0.0,0.0,0.0,0.0,0.0,0.0,0.0,0.0,0.0,0.0,0.0,0.0,0.0,0.0,4.993233889430918,4.98501950999156,4.974422358228646,4.962717223164726,103.93151453085248,0.0,0.0,0.0,0.0
Order_0074,0.0,0.0,0.0,0.0,0.0,0.0,0.0,0.0,0.0,0.0,0.0,0.0,0.0,0.0,0.0,0.0,0.0,0.0,0.0,0.0,0.0,0.0,0.0,0.0,0.0,0.0,0.0,0.0,0.0,0.0,0.0,0.0,0.0,0.0,0.0,0.0,0.0,0.0,0.0,0.0,0.0,0.0,0.0,0.0,0.0,0.0,0.0,0.0,0.0,0.0,0.0,0.0,0.0,0.0,0.0,0.0,0.0,0.0,0.0,0.0,0.0,0.0,0.0,0.0,0.0,0.0,0.0,0.0,0.0,0.0,0.0,0.0,0.0,0.0,4.993233889430918,4.98501950999156,4.974422358228646,104.21706168645925,0.0,0.0,0.0,0.0
Order_0075,0.0,0.0,0.0,0.0,0.0,0.0,0.0,0.0,0.0,0.0,0.0,0.0,0.0,0.0,0.0,0.0,0.0,0.0,0.0,0.0,0.0,0.0,0.0,0.0,0.0,0.0,0.0,0.0,0.0,0.0,0.0,0.0,0.0,0.0,0.0,0.0,0.0,0.0,0.0,0.0,0.0,0.0,0.0,0.0,0.0,0.0,0.0,0.0,0.0,0.0,0.0,0.0,0.0,0.0,0.0,0.0,0.0,0.0,0.0,0.0,0.0,0.0,0.0,0.0,0.0,0.0,0.0,0.0,0.0,0.0,0.0,0.0,0.0,0.0,0.0,4.993233889430918,4.98501950999156,4.974422358228646,104.21706168645925,0.0,0.0,0.0
Order_0076,0.0,0.0,0.0,0.0,0.0,0.0,0.0,0.0,0.0,0.0,0.0,0.0,0.0,0.0,0.0,0.0,0.0,0.0,0.0,0.0,0.0,0.0,0.0,0.0,0.0,0.0,0.0,0.0,0.0,0.0,0.0,0.0,0.0,0.0,0.0,0.0,0.0,0.0,0.0,0.0,0.0,0.0,0.0,0.0,0.0,0.0,0.0,0.0,0.0,0.0,0.0,0.0,0.0,0.0,0.0,0.0,0.0,0.0,0.0,0.0,0.0,0.0,0.0,0.0,0.0,0.0,0.0,0.0,0.0,0.0,0.0,0.0,0.0,0.0,0.0,0.0,4.993233889430918,4.98501950999156,104.46286952280157,0.0,0.0,0.0
Order_0077,0.0,0.0,0.0,0.0,0.0,0.0,0.0,0.0,0.0,0.0,0.0,0.0,0.0,0.0,0.0,0.0,0.0,0.0,0.0,0.0,0.0,0.0,0.0,0.0,0.0,0.0,0.0,0.0,0.0,0.0,0.0,0.0,0.0,0.0,0.0,0.0,0.0,0.0,0.0,0.0,0.0,0.0,0.0,0.0,0.0,0.0,0.0,0.0,0.0,0.0,0.0,0.0,0.0,0.0,0.0,0.0,0.0,0.0,0.0,0.0,0.0,0.0,0.0,0.0,0.0,0.0,0.0,0.0,0.0,0.0,0.0,0.0,0.0,0.0,0.0,0.0,0.0,4.993233889430918,4.98501950999156,104.46286952280157,0.0,0.0
Order_0078,0.0,0.0,0.0,0.0,0.0,0.0,0.0,0.0,0.0,0.0,0.0,0.0,0.0,0.0,0.0,0.0,0.0,0.0,0.0,0.0,0.0,0.0,0.0,0.0,0.0,0.0,0.0,0.0,0.0,0.0,0.0,0.0,0.0,0.0,0.0,0.0,0.0,0.0,0.0,0.0,0.0,0.0,0.0,0.0,0.0,0.0,0.0,0.0,0.0,0.0,0.0,0.0,0.0,0.0,0.0,0.0,0.0,0.0,0.0,0.0,0.0,0.0,0.0,0.0,0.0,0.0,0.0,0.0,0.0,0.0,0.0,0.0,0.0,0.0,0.0,0.0,0.0,0.0,104.85791167804928,0.0,0.0,0.0
Order_0079,0.0,0.0,0.0,0.0,0.0,0.0,0.0,0.0,0.0,0.0,0.0,0.0,0.0,0.0,0.0,0.0,0.0,0.0,0.0,0.0,0.0,0.0,0.0,0.0,0.0,0.0,0.0,0.0,0.0,0.0,0.0,0.0,0.0,0.0,0.0,0.0,0.0,0.0,0.0,0.0,0.0,0.0,0.0,0.0,0.0,0.0,0.0,0.0,0.0,0.0,0.0,0.0,0.0,0.0,0.0,0.0,0.0,0.0,0.0,0.0,0.0,0.0,0.0,0.0,0.0,0.0,0.0,0.0,0.0,0.0,0.0,0.0,0.0,0.0,0.0,0.0,0.0,0.0,0.0,104.85791167804928,0.0,0.0
Order_0080,0.0,0.0,0.0,0.0,0.0,0.0,0.0,0.0,0.0,0.0,0.0,0.0,0.0,0.0,0.0,0.0,0.0,0.0,0.0,0.0,0.0,0.0,0.0,0.0,0.0,0.0,0.0,0.0,0.0,0.0,0.0,0.0,0.0,0.0,0.0,0.0,0.0,0.0,0.0,0.0,0.0,0.0,0.0,0.0,0.0,0.0,0.0,0.0,0.0,0.0,0.0,0.0,0.0,0.0,0.0,0.0,0.0,0.0,0.0,0.0,0.0,0.0,0.0,0.0,0.0,0.0,0.0,0.0,0.0,0.0,0.0,0.0,0.0,0.0,0.0,0.0,0.0,0.0,0.0,0.0,104.85791167804928,0.0
Order_0081,0.0,0.0,0.0,0.0,0.0,0.0,0.0,0.0,0.0,0.0,0.0,0.0,0.0,0.0,0.0,0.0,0.0,0.0,0.0,0.0,0.0,0.0,0.0,0.0,0.0,0.0,0.0,0.0,0.0,0.0,0.0,0.0,0.0,0.0,0.0,0.0,0.0,0.0,0.0,0.0,0.0,0.0,0.0,0.0,0.0,0.0,0.0,0.0,0.0,0.0,0.0,0.0,0.0,0.0,0.0,0.0,0.0,0.0,0.0,0.0,0.0,0.0,0.0,0.0,0.0,0.0,0.0,0.0,0.0,0.0,0.0,0.0,0.0,0.0,0.0,0.0,0.0,0.0,0.0,0.0,0.0,104.85791167804928
